{"cameraMode":{"drawMode":0,"name":"Shaded","section":"Shading Mode"},"sceneLighting":true,"audioPlay":false,"sceneViewState":{"m_AlwaysRefresh":false,"showFog":true,"showSkybox":true,"showFlares":true,"showImageEffects":true,"showParticleSystems":true,"showVisualEffectGraphs":true,"m_FxEnabled":true},"in2DMode":false,"pivot":{"x":0.1771106868982315,"y":-0.03632208704948425,"z":0.8368043899536133},"rotation":{"x":0.06447908282279968,"y":0.5405544638633728,"z":-0.04160086065530777,"w":0.837806224822998},"size":0.8660253882408142,"orthographic":false}